IDMetier,IDAbonnement,nomPersonne,prenomPersonne,dateDeNaissance,adressePersonne,numTel,mail
,NULL,1,Martin,Lucas,1990-01-01,"10 Rue de Paris",0123456789,lucas.martin@example.com
,NULL,2,Bernard,Emma,1985-02-02,"20 Rue de Lyon",0123456790,emma.bernard@example.com
,NULL,3,Thomas,Jade,1980-03-03,"30 Rue de Marseille",0123456791,jade.thomas@example.com
,NULL,4,Durand,Gabriel,1993-07-07,"70 Rue de Nice",0123456795,gabriel.durand@example.com
,NULL,5,Leroy,Juliette,1998-08-08,"80 Rue de Strasbourg",0123456796,juliette.leroy@example.com
,NULL,6,Moreau,Clara,1987-09-09,"90 Rue de Montpellier",0123456797,clara.moreau@example.com
,NULL,7,Blanchard,Sophie,1992-01-15,"110 Rue de Rennes",0123456701,sophie.blanchard@example.com
,NULL,8,Girard,Axel,1994-02-18,"120 Rue de Brest",0123456702,axel.girard@example.com
,NULL,9,Lemoine,Chloé,1989-03-21,"130 Rue de Limoges",0123456703,chloe.lemoine@example.com
,NULL,10,Lopez,Mélanie,1991-07-15,"170 Rue de Saint-Étienne",0123456707,melanie.lopez@example.com
,NULL,11,Roger,Victoria,1996-09-25,"190 Rue d'Angers",0123456709,victoria.roger@example.com
,NULL,12,Morel,Alice,1993-11-05,"210 Rue de Amiens",0123456711,alice.morel@example.com
,NULL,13,Bonnet,Charlotte,1997-01-20,"230 Rue de Villeurbanne",0123456713,charlotte.bonnet@example.com
,NULL,14,Dupuis,Émilie,1995-01-10,"240 Rue de Perpignan",0123456714,emilie.dupuis@example.com
,NULL,15,Simon,Vincent,1986-02-15,"250 Rue de Caen",0123456715,vincent.simon@example.com
,NULL,16,Laurent,Marie,1992-03-22,"260 Rue de Nancy",0123456716,marie.laurent@example.com
,NULL,17,Lefevre,Stéphane,1983-04-28,"270 Rue de Metz",0123456717,stephane.lefevre@example.com
,NULL,18,Michel,Élise,1994-05-05,"280 Rue de Rouen",0123456718,elise.michel@example.com
,NULL,19,Perez,Cédric,1990-06-11,"290 Rue de Mulhouse",0123456719,cedric.perez@example.com
,NULL,20,Giraud,Anaïs,1989-07-17,"300 Rue de Reims",0123456720,anais.giraud@example.com
,NULL,21,Lemoine,Pierre,1988-08-23,"310 Rue de Rueil-Malmaison",0123456721,pierre.lemoine@example.com
,NULL,22,Henry,Laetitia,1991-09-29,"320 Rue de Levallois-Perret",0123456722,laetitia.henry@example.com
,NULL,23,Roux,Antoine,1993-10-06,"330 Rue de Saint-Priest",0123456723,antoine.roux@example.com
,NULL,24,Dupont,Amélie,1991-05-12,"15 Rue de Versailles",0123456780,amelie.dupont@example.com
,NULL,25,Rousseau,Léo,1988-11-22,"22 Rue de Lille",0123456781,leo.rousseau@example.com
,NULL,26,Fournier,Isabelle,1993-03-30,"30 Rue de Bordeaux",0123456782,isabelle.fournier@example.com
,NULL,27,Brunet,Antoine,1994-07-16,"16 Rue de Nîmes",0123456783,antoine.brunet@example.com
,NULL,28,Blanchet,Émilie,1987-12-01,"1 Rue de Toulouse",0123456784,emilie.blanchet@example.com
,NULL,29,Leclerc,Julien,1990-09-09,"99 Rue de Rennes",0123456785,julien.leclerc@example.com
,NULL,30,Simon,Aurélie,1992-02-20,"20 Rue de Dijon",0123456786,aurelie.simon@example.com
,NULL,31,Lecomte,Marc,1985-04-04,"44 Rue de Reims",0123456787,marc.lecomte@example.com
,NULL,32,Berger,Charlotte,1996-06-06,"66 Rue de Lyon",0123456788,charlotte.berger@example.com
,NULL,33,Lambert,Jean,1997-08-08,"88 Rue de Marseille",0123456789,jean.lambert@example.com
,NULL,34,Dubois,Claire,1989-10-10,"1010 Rue de Montpellier",0123456790,claire.dubois@example.com
,NULL,35,Moreau,Elise,1994-12-12,"1212 Rue de Strasbourg",0123456791,elise.moreau@example.com
,NULL,36,Renard,Paul,1986-01-01,"111 Rue de Nice",0123456792,paul.renard@example.com
,NULL,37,Dupuis,Sophie,1994-03-12,"123 Rue de Paris",0123456793,sophie.dupuis@example.com
,NULL,38,Martin,Thomas,1993-02-25,"456 Avenue Lyon",0123456794,thomas.martin@example.com
,NULL,39,Lefebvre,Lucie,1995-05-07,"789 Boulevard Marseille",0123456795,lucie.lefebvre@example.com
,NULL,40,Moreau,Julien,1992-08-10,"101 Rue de Nice",0123456796,julien.moreau@example.com,
,NULL,41,Bertrand,Marie,1991-10-15,"102 Avenue Strasbourg",0123456797,marie.bertrand@example.com
,NULL,42,Gautier,Antoine,1990-12-20,"103 Boulevard Montpellier",0123456798,antoine.gautier@example.com
,NULL,43,Lecomte,Émilie,1996-04-05,"104 Rue de Nîmes",0123456799,emilie.lecomte@example.com
,1,NULL,Petit,Alice,1975-04-04,"40 Rue de Bordeaux",0123456792,alice.petit@example.com
,2,NULL,Robert,Jules,1970-05-05,"50 Rue de Nantes",0123456793,jules.robert@example.com
,3,NULL,Richard,Louise,1965-06-06,"60 Rue de Toulouse",0123456794,louise.richard@example.com
,4,NULL,Lefebvre,Maxime,1978-04-24,"140 Rue de Dijon",0123456704,maxime.lefebvre@example.com
,5,NULL,Mercier,Camille,1976-05-27,"150 Rue de Grenoble",0123456705,camille.mercier@example.com
,6,NULL,Dupont,Nicolas,1982-06-30,"160 Rue de Le Havre",0123456706,nicolas.dupont@example.com
,7,NULL,Gautier,Théo,1984-08-20,"180 Rue de Toulon",0123456708,theo.gautier@example.com
,8,NULL,Bertrand,Hugo,1975-10-30,"200 Rue de Clermont-Ferrand",0123456710,hugo.bertrand@example.com
,9,NULL,Fontaine,David,1982-12-12,"100 Rue de Lille",0123456798,david.fontaine@example.com
,1,NULL,David,Margaux,1984-11-12,"340 Rue de Troyes",0123456724,margaux.david@example.com
,2,NULL,Bertrand,Éric,1979-12-18,"350 Rue de La Rochelle",0123456725,eric.bertrand@example.com
,3,NULL,Lecomte,Céline,1985-01-24,"360 Rue de Ajaccio",0123456726,celine.lecomte@example.com
,4,NULL,Boucher,Julien,1987-02-28,"370 Rue de Besançon",0123456727,julien.boucher@example.com
,5,NULL,Fournier,Charlotte,1991-03-06,"380 Rue de Valence",0123456728,charlotte.fournier@example.com
,6,NULL,Chevalier,Benoît,1985-04-13,"390 Rue de Annecy",0123456729,benoit.chevalier@example.com
,7,NULL,Charpentier,Évelyne,1978-05-19,"400 Rue de Chambéry",0123456730,evelyne.charpentier@example.com
,8,NULL,Menard,Fabien,1981-06-24,"410 Rue de Angoulême",0123456731,fabien.menard@example.com
,9,NULL,Maillard,Brigitte,1974-07-30,"420 Rue de Bourges",0123456732,brigitte.maillard@example.com
